DOS ID,Current Entity Name,Initial DOS Filing Date,County,Jurisdiction,Entity Type,DOS Process Name,DOS Process Address 1,DOS Process Address 2,DOS Process City,DOS Process State,DOS Process Zip,CEO Name,CEO Address 1,CEO Address 2,CEO City,CEO State,CEO Zip,Registered Agent Name,Registered Agent Address 1,Registered Agent Address 2,Registered Agent City,Registered Agent State,Registered Agent Zip,Location Name,Location Address 1,Location Address 2,Location City,Location State,Location Zip
4264790,0000 AUTO RESCUE TRANSPORT CORP.,06/28/2012,KINGS,NEW YORK,DOMESTIC BUSINESS CORPORATION,0000 AUTO RESCUE TRANSPORT CORP.,382 RAMSEN AVE,,BROOKLYN,NEW YORK,11212,,,,,,,,,,,,,,,,,,
3211809,00:02:59 LLC,05/31/2005,KINGS,NEW YORK,DOMESTIC LIMITED LIABILITY COMPANY,00:02:59 LLC,"656 UNION STREET, APT. 2",,BROOKLYN,NEW YORK,11215,,,,,,,,,,,,,,,,,,
4367513,0007 THE NORMAN TEAM INCORPORATION,03/01/2013,KINGS,NEW YORK,DOMESTIC BUSINESS CORPORATION,0007 THE NORMAN TEAM INCORPORATION,465 EAST 7TH ST,APT 6C,BROOKLYN,NEW YORK,11218,,,,,,,,,,,,,,,,,,
4472700,000 LLC,10/15/2013,KINGS,NEW YORK,DOMESTIC LIMITED LIABILITY COMPANY,000,304 MESEROLE ST #2A,,BROOKLYN,NEW YORK,11206,,,,,,,,,,,,,,,,,,
4723823,"000 MEADOW LANE, LLC",03/11/2015,SUFFOLK,NEW YORK,DOMESTIC LIMITED LIABILITY COMPANY,C/O ACKERMAN O'BRIEN PACHMAN & BROWN LLP,34 PANTIGO ROAD,,EAST HAMPTON,NEW YORK,11937,,,,,,,,,,,,,,,,,,
4610986,"002 MERCURY TACOS, LLC",07/23/2014,NEW YORK,NEW YORK,DOMESTIC LIMITED LIABILITY COMPANY,"002 MERCURY TACOS, LLC",131 7TH AVE S,,NEW YORK,NEW YORK,10014,,,,,,,,,,,,,,,,,,
4662613,003 VENUS TACOS LLC,11/06/2014,NEW YORK,NEW YORK,DOMESTIC LIMITED LIABILITY COMPANY,003 VENUS TACOS LLC,705 9TH AVE,,NEW YORK,NEW YORK,10019,,,,,,,,,,,,,,,,,,
4151606,"006 FAMILY MANAGEMENT, LLC",10/11/2011,NASSAU,NEW YORK,DOMESTIC LIMITED LIABILITY COMPANY,"006 FAMILY MANAGEMENT, LLC",2417 JERICHO TURNPIKE,SUITE 325,GARDEN CITY PARK,NEW YORK,11040,,,,,,,,,,,,,,,,,,
4370811,007 AUTO LEASING INC,03/07/2013,KINGS,NEW YORK,DOMESTIC BUSINESS CORPORATION,007 AUTO LEASING INC,99 BAY 25 STREET,,BROOKLYN,NEW YORK,11214,,,,,,,,,,,,,,,,,,
4424105,"007 COMMUNICATIONS, INC.",06/27/2013,NEW YORK,NEW YORK,DOMESTIC BUSINESS CORPORATION,"007 COMMUNICATIONS, INC.",256 WEST 36TH STREET,4TH FLOOR,NEW YORK,NEW YORK,10018,,,,,,,,,,,,,,,,,,
3850039,007 DESIGN INC.,08/27/2009,KINGS,NEW YORK,DOMESTIC BUSINESS CORPORATION,007 DESIGN INC.,295 EXETER ST.,,BROOKLYN,NEW YORK,11235,,,,,,,,,,,,,,,,,,
2067108,"007 ELECTRONICS NETWORK, INC.",09/18/1996,SCHENECTADY,DELAWARE,FOREIGN BUSINESS CORPORATION,RICHARD P. SZMYR,10 RED OAK DRIVE,,SCOTIA,NEW YORK,12302,RICHARD P. SZMYR,10 RED OAK DRIVE,,SCOTIA,NEW YORK,12302,,,,,,,RICHARD P. SZMYR,10 RED OAK DRIVE,,SCOTIA,NEW YORK,12302
4292013,007 INC.,09/05/2012,QUEENS,NEW YORK,DOMESTIC BUSINESS CORPORATION,007 INC.,18-12 25 RD.,,ASTORIA,NEW YORK,11102,,,,,,,,,,,,,,,,,,
4723936,007 INDUSTRIES INC.,03/11/2015,SUFFOLK,NEW YORK,DOMESTIC BUSINESS CORPORATION,C/O CHRISTOPHER BOND,385 BROADWAY,,BETHPAGE,NEW YORK,11714,,,,,,,,,,,,,,,,,,
3637751,007 LEASING CARS CORP.,02/28/2008,QUEENS,NEW YORK,DOMESTIC BUSINESS CORPORATION,007 LEASING CARS CORP.,127-26 WILLETS POINT BLVD,,CORONA,NEW YORK,11368,,,,,,,,,,,,,,,,,,
3992454,007 NEW CENTURY 99 & UP INC.,09/03/2010,KINGS,NEW YORK,DOMESTIC BUSINESS CORPORATION,"ZHANG, CHAO",141 AVE. U,,BROOKLYN,NEW YORK,11223,,,,,,,,,,,,,,,,,,
3462181,"007 REALTY, LLC",01/16/2007,NASSAU,NEW YORK,DOMESTIC LIMITED LIABILITY COMPANY,MOSHE NIR,57 BEVERLY ROAD,,GREAT NECK,NEW YORK,11021,,,,,,,,,,,,,,,,,,
4420472,"007 SANDUNE, LLC",06/20/2013,SUFFOLK,NEW YORK,DOMESTIC LIMITED LIABILITY COMPANY,"007 SANDUNE, LLC",43 SANDUNE COURT,,SAGAPONACK,NEW YORK,11962,,,,,,,,,,,,,,,,,,
3800932,007 TRUCK REPAIR SERVICES LLC,04/21/2009,ORANGE,NEW YORK,DOMESTIC LIMITED LIABILITY COMPANY,007 TRUCK REPAIR SERVICES LLC,910 STATE ROUTE 52,PO BOX 267,WALDEN,NEW YORK,11228,,,,,,,"UNITED STATES CORPORATION AGENTS, INC.","7014 13TH AVENUE, SUITE 202",,BROOKLYN,NEW YORK,11228,,,,,,
3860354,"008, INC.",09/25/2009,QUEENS,NEW YORK,DOMESTIC BUSINESS CORPORATION,"008, INC.",SUITE #301,550 WEST OLD COUNTRY ROAD,HICKSVILLE,NEW YORK,11801,,,,,,,,,,,,,,,,,,
3696224,008 REALTY LLC,07/15/2008,NEW YORK,NEW YORK,DOMESTIC LIMITED LIABILITY COMPANY,"C/O ROY B. KIM, ESQ.",40 WEST 37TH STREET,2ND FLOOR,NEW YORK,NEW YORK,10018,,,,,,,,,,,,,,,,,,
3228184,"00 ADVERTISING, INC.",07/08/2005,NASSAU,NEW YORK,DOMESTIC BUSINESS CORPORATION,"00 ADVERTISING, INC.",1420 ACKERSON BLVD.,,BAY SHORE,NEW YORK,11706,,,,,,,,,,,,,,,,,,
2508153,00 DEBT INC.,05/09/2000,NASSAU,NEW YORK,DOMESTIC NOT-FOR-PROFIT CORPORATION,00 DEBT INC.,PO BOX 430,,PLAINVIEW,NEW YORK,11803,,,,,,,,,,,,,,,,,,
3785280,010COMMUNICATIONS INC.,03/12/2009,NEW YORK,NEW YORK,DOMESTIC BUSINESS CORPORATION,BENEDETTA AMADI,"63 SKILLMAN AVENUE, SUITE #1",,BROOKLYN,NEW YORK,11211,BENEDETTA AMADI,63 SKILLMAN AVENUE APT 1,,BROOKLYN,NEW YORK,11211,,,,,,,010COMMUNICATIONS INC,63 SKILLMAN AVENUE APT 1,,BROOKLYN,NEW YORK,11211
4379940,"010 MAIN ST, LLC",03/27/2013,OTSEGO,NEW YORK,DOMESTIC LIMITED LIABILITY COMPANY,"010 MAIN ST, LLC",P. O. BOX 431,,COOPERSTOWN,NEW YORK,13326,,,,,,,,,,,,,,,,,,
2418972,"010 MANAGEMENT, LLC",09/15/1999,KINGS,NEW YORK,DOMESTIC LIMITED LIABILITY COMPANY,"010 MANAGEMENT, LLC",45 JOHN STREET,SUITE 711,NEW YORK,NEW YORK,10038,,,,,,,"SPIEGEL & UTRERA, P.A., P.C.",45 JOHN STREET,SUITE 711,NEW YORK,NEW YORK,10038,,,,,,
3115941,"01101101, INC.",10/20/2004,NEW YORK,NEW YORK,DOMESTIC BUSINESS CORPORATION,"01101101, INC.","45 JOHN STREET, SUITE 711",,NEW YORK,NEW YORK,10038,,,,,,,"SPIEGEL & UTRERA, P.A., P.C.","45 JOHN STREET, SUITE 711",,NEW YORK,NEW YORK,10038,,,,,,
4311827,011236 CLS LLC,10/23/2012,KINGS,NEW YORK,DOMESTIC LIMITED LIABILITY COMPANY,CRISTINA LOBO,C/O LISA AGUILERA DEL PUERTO,"387 9TH ST., 2ND FLOOR",BROOKLYN,NEW YORK,11215,,,,,,,,,,,,,,,,,,
2957695,01150 REALTY LLC,09/24/2003,KINGS,NEW YORK,DOMESTIC LIMITED LIABILITY COMPANY,01150 REALTY LLC,6701 BAY PARKWAY,THIRD FLOOR,BROOKLYN,NEW YORK,11204,,,,,,,,,,,,,,,,,,
2556110,011 COMMUNICATION CORP.,09/25/2000,NEW YORK,NEW YORK,DOMESTIC BUSINESS CORPORATION,011 COMMUNICATION CORP.,88 E. BROADWAY #148,,NEW YORK,NEW YORK,10002,,,,,,,,,,,,,,,,,,
4154481,011 SERVICES CORP.,10/18/2011,NEW YORK,NEW YORK,DOMESTIC BUSINESS CORPORATION,011 SERVICES CORP.,333 EAST 49TH STREET,SUITE 9B,NEW YORK,NEW YORK,10017,,,,,,,"SPIEGEL & UTRERA, P.A., P.C.",1 MAIDEN LANE 5TH FLOOR,,NEW YORK,NEW YORK,10038,,,,,,
2664830,011 TELECOM INC.,07/27/2001,QUEENS,NEW YORK,DOMESTIC BUSINESS CORPORATION,011 TELECOM INC.,200 S SERVICE RD,STE 211,ROSLYN HEIGHTS,NEW YORK,11577,PARMOD KUMAR,200 S SERVICE RD,STE 211,ROSLYN HEIGHTS,NEW YORK,11577,,,,,,,PARMOD KUMAR,200 S SERVICE RD,STE 211,ROSLYN HEIGHTS,NEW YORK,11577
4406062,0123 MOVING AND STORAGE INC.,05/21/2013,QUEENS,NEW YORK,DOMESTIC BUSINESS CORPORATION,0123 MOVING AND STORAGE INC.,147-38 71ST RD APT 1A,,FLUSHING,NEW YORK,11367,,,,,,,,,,,,,,,,,,
2924892,"013 TOWPATH ROAD COMPANY, LLC",06/27/2003,ONONDAGA,NEW YORK,DOMESTIC LIMITED LIABILITY COMPANY,"013 TOWPATH ROAD COMPANY, LLC",5786 WIDEWATERS PARKWAY,P.O. BOX 3,DEWITT,NEW YORK,13214-0003,,,,,,,,,,,,,,,,,,
3978573,"0141 HOLDINGS, LLC",07/29/2010,NEW YORK,NEW YORK,DOMESTIC LIMITED LIABILITY COMPANY,C/O Y & S BAGS,320 FIFTH AVENUE,SUITE 705,NEW YORK,NEW YORK,10001,,,,,,,,,,,,,,,,,,
2957600,01420 REALTY LLC,09/24/2003,KINGS,NEW YORK,DOMESTIC LIMITED LIABILITY COMPANY,01420 REALTY LLC,114 AVENUE T,,BROOKLYN,NEW YORK,11223,,,,,,,,,,,,,,,,,,
2957702,01501 REALTY LLC,09/24/2003,KINGS,NEW YORK,DOMESTIC LIMITED LIABILITY COMPANY,01501 REALTY LLC,114 AVENUE T,,BROOKLYN,NEW YORK,11223,,,,,,,,,,,,,,,,,,
186245,"015TH STREET SOCIAL CLUB, INC.",04/09/1965,NEW YORK,NEW YORK,DOMESTIC NOT-FOR-PROFIT CORPORATION,,,,,,,,,,,,,,,,,,,,,,,,
126483,018TH STREET HOLDING CORP.,02/15/1960,NEW YORK,NEW YORK,DOMESTIC BUSINESS CORPORATION,% JOSEPH B. KOPPELMAN,261 BROADWAY,,NEW YORK,NEW YORK,10007,,,,,,,,,,,,,,,,,,
4128670,01 ASSOCIATES LLC,08/10/2011,NEW YORK,NEW YORK,DOMESTIC LIMITED LIABILITY COMPANY,"INCORP SERVICES, INC.",ONE COMMERCE PLAZA,"99 WASHINGTON AVE, STE 805-A",ALBANY,NEW YORK,12210-2822,,,,,,,"INCORP SERVICES, INC.",ONE COMMERCE PLAZA,"99 WASHINGTON AVE, SUITE 805-A",ALBANY,NEW YORK,12210-2822,,,,,,
2322803,01 INC.,12/08/1998,NEW YORK,NEW YORK,DOMESTIC BUSINESS CORPORATION,"C/O MARK NESOFF, RAND ROSENZWEIG RADLEY GORDON & BURSTEIN LLP",605 THIRD AVENUE,,NEW YORK,NEW YORK,10158,,,,,,,,,,,,,,,,,,
4197966,02-17 M & B REALTY LLC,02/03/2012,KINGS,NEW YORK,DOMESTIC LIMITED LIABILITY COMPANY,02-17 M & B REALTY LLC,346 CENTRAL AVENUE,,BROOKLYN,NEW YORK,11221,,,,,,,,,,,,,,,,,,
2783869,"021C COMMUNICATIONS CONCEPTS, INC.",06/27/2002,NEW YORK,NEW YORK,DOMESTIC BUSINESS CORPORATION,"021C COMMUNICATIONS CONCEPTS, INC.",12 WEST 32ND STREET,11TH FLOOR,NEW YORK,NEW YORK,10001,,,,,,,,,,,,,,,,,,
4129334,0260 MUSIC LLC,08/11/2011,NEW YORK,DELAWARE,FOREIGN LIMITED LIABILITY COMPANY,C/O CT CORPORATION SYSTEM,111 EIGHTH AVENUE,,NEW YORK,NEW YORK,10011,,,,,,,,,,,,,,,,,,
2688025,"0268 NPARK, INC.",10/11/2001,ERIE,NEW YORK,DOMESTIC BUSINESS CORPORATION,"MICHAEL S. SIMON, ESQ.",5266 SENECA STREET,,WEST SENECA,NEW YORK,14224,,,,,,,,,,,,,,,,,,
3635057,02 BEAUTY CENTER INC,02/22/2008,KINGS,NEW YORK,DOMESTIC BUSINESS CORPORATION,02 BEAUTY CENTER INC,812 58TH STREET,,BROOKLYN,NEW YORK,11220,FANG LIN,812 58TH ST,,BROOKLYN,NEW YORK,11220,,,,,,,02 BEAUTY CENTER INC,812 58TH ST,,BROOKLYN,NEW YORK,11220
2804020,"02 HUDSON, LLC",08/22/2002,ALBANY,NEW YORK,DOMESTIC LIMITED LIABILITY COMPANY,"02 HUDSON, LLC","C/O ACO PROPERTY ADVISORS, INC",178 ELM STREET,SARATOGA SPRINGS,NEW YORK,12866,,,,,,,ALAN C. OPPENHEIM,58 WASHINGTON ST.,,SARATOGA SPRINGS,NEW YORK,12866,,,,,,
3154647,02 INDUSTRY (USA) LTD.,01/24/2005,KINGS,NEW YORK,DOMESTIC BUSINESS CORPORATION,02 INDUSTRY (USA) LTD.,1965 62ND ST 1/FL,,BROOKLYN,NEW YORK,11204,,,,,,,,,,,,,,,,,,
4705286,"02 INVESTORS, LLC",02/04/2015,DUTCHESS,NEW YORK,DOMESTIC LIMITED LIABILITY COMPANY,THE LIMITED LIABILITY COMPANY,17 HIGH GOAL LANE,,BEACON,NEW YORK,12508,,,,,,,,,,,,,,,,,,
3793926,02 LIVE LLC,04/02/2009,WESTCHESTER,NEW YORK,DOMESTIC LIMITED LIABILITY COMPANY,"C/O F.G.H. KEOGH & ASSCOAITES, PLLC, THE EMPIRE STATE BLDG.",SUITE 1729,350 FIFTH AVENUE,NEW YORK,NEW YORK,10118,,,,,,,,,,,,,,,,,,
3492064,"02-NYC, INC.",03/20/2007,NEW YORK,NEW YORK,DOMESTIC NOT-FOR-PROFIT CORPORATION,"02-NYC, INC.",111 8TH AVE. STE. 1531,,NEW YORK,NEW YORK,10011,,,,,,,,,,,,,,,,,,
3032581,"02 PROPERTIES, LLC",03/29/2004,BROOME,NEW JERSEY,FOREIGN LIMITED LIABILITY COMPANY,"02 PROPERTIES, LLC",388 A LINCOLN AVE.,,CLIFFSIDE PARK,NEW JERSEY,07010,,,,,,,,,,,,,,,,,,
1719211,02 STRATEGIES INC.,04/16/1993,WESTCHESTER,NEW YORK,DOMESTIC BUSINESS CORPORATION,02 STRATEGIES INC.,28 OLD STONE HILL RD,,POUND RIDGE,NEW YORK,10576-1515,FRANK O'NEILL,28 OLD STONE HILL RD,,POUND RIDGE,NEW YORK,10576-1515,,,,,,,02 STRATEGIES INC.,28 OLD STONE HILL RD,,POUND RIDGE,NEW YORK,10576-1515
2116899,"02WIRELESS SYSTEMS GROUP, INC.",02/26/1997,NEW YORK,ILLINOIS,FOREIGN BUSINESS CORPORATION,RON RAVIV,2355 INDUSTRIAL PARK BLVD,,CUMMING,GEORGIA,30041,RON BUKSHPAN,2355 INDUSTRIAL PARK BLVD,,CUMMING,GEORGIA,30041,C T CORPORATION SYSTEM,111 EIGHTH AVENUE,,NEW YORK,NEW YORK,10011,RON RAVIV,2355 INDUSTRIAL PARK BLVD,,CUMMING,GEORGIA,30041
4365463,0305 LLC,02/26/2013,QUEENS,NEW YORK,DOMESTIC LIMITED LIABILITY COMPANY,0305 LLC,"7525 153RD STREET, #541",,FLUSHING,NEW YORK,11367,,,,,,,,,,,,,,,,,,
3544554,"03/23, LLC",07/18/2007,ERIE,NEW YORK,DOMESTIC LIMITED LIABILITY COMPANY,"03/23, LLC",C/O MICHAEL MANNING,890 ONTARIO STREET,TONAWANDA,NEW YORK,14150,,,,,,,AUGELLO & MATTELIANO,"17 COURT STREET, SUITE 200",,BUFFALO,NEW YORK,14202,,,,,,
3485270,"0331, INC.",03/06/2007,NASSAU,NEW YORK,DOMESTIC BUSINESS CORPORATION,"0331, INC.",DONALD MCNEILLY,75 BIRCH STREET,LINDENHURST,NEW YORK,11757,,,,,,,,,,,,,,,,,,
4735781,"037 CREATIVE, LLC",04/01/2015,ERIE,NEW YORK,DOMESTIC LIMITED LIABILITY COMPANY,"037 CREATIVE, LLC",208 LEXINGTON AVENUE,,BUFFALO,NEW YORK,14222,,,,,,,,,,,,,,,,,,
4193123,039 SUSHI BAR INC.,01/25/2012,WARREN,NEW YORK,DOMESTIC BUSINESS CORPORATION,039 SUSHI BAR INC.,39 E BROADWAY STE 401,,NEW YORK,NEW YORK,10002,,,,,,,,,,,,,,,,,,
2257005,03 DESIGN INC.,05/06/1998,WESTCHESTER,NEW YORK,DOMESTIC BUSINESS CORPORATION,C/O DANIEL KORNBLATT,"1250 BROADWAY, 19TH FLOOR",,NEW YORK,NEW YORK,10001,,,,,,,,,,,,,,,,,,
3082669,"03 PRECISION AUTOMOTIVE, INC.",07/26/2004,SCHENECTADY,NEW YORK,DOMESTIC BUSINESS CORPORATION,DREYER BOYAJIAN LLP,"C/O DANIEL J. STEWART, ESQ.",75 COLUMBIA STREET,ALBANY,NEW YORK,12210,,,,,,,,,,,,,,,,,,
3102742,03 PRODUCTIONS L.L.C.,09/16/2004,NEW YORK,DELAWARE,FOREIGN LIMITED LIABILITY COMPANY,ENZO ZULLO,211 WEST 56TH ST 17C,,NEW YORK,NEW YORK,10019,,,,,,,,,,,,,,,,,,
4572218,04011410F LLC,05/05/2014,NEW YORK,DELAWARE,FOREIGN LIMITED LIABILITY COMPANY,"MG CAPITAL MANAGEMENT RESIDENTIAL FUND III, LP",345 PARK AVE.,STE. 2607,NEW YORK,NEW YORK,10152,,,,,,,,,,,,,,,,,,
4669598,04021417E LLC,11/20/2014,NEW YORK,DELAWARE,FOREIGN LIMITED LIABILITY COMPANY,"MG CAPITAL MANAGEMENT RESIDENTIAL FUND II, L.P.","375 PARK AVE, STE 2607",,NEW YORK,NEW YORK,10152,,,,,,,,,,,,,,,,,,
4189060,0404 MESSENGER SERVICE INC.,01/17/2012,QUEENS,NEW YORK,DOMESTIC BUSINESS CORPORATION,0404 MESSENGER SERVICE INC.,45-55 162ND ST. 1FL,,FLUSHING,NEW YORK,11358,CHARLES BAI,45-55 162ND ST. 1 FL.,,FLUSHING,NEW YORK,11358,,,,,,,0404 MESSENGER SERVICE INC.,45-55 162ND ST. 1 FL.,,FLUSHING,NEW YORK,11358
4146965,04PRO CONSTRUCTION INC.,09/27/2011,QUEENS,NEW YORK,DOMESTIC BUSINESS CORPORATION,04PRO CONSTRUCTION INC.,56-11 196TH PL,,FRESH MEADOWS,NEW YORK,11365,,,,,,,,,,,,,,,,,,
4512623,"050614, LLC",01/13/2014,ERIE,NEW YORK,DOMESTIC LIMITED LIABILITY COMPANY,"050614, LLC",9774 COBBLESTONE DRIVE,,CLARENCE,NEW YORK,14031,,,,,,,,,,,,,,,,,,
4573245,050WASH INC.,05/07/2014,KINGS,NEW YORK,DOMESTIC BUSINESS CORPORATION,050WASH INC.,7616 18TH AVENUE,,BROOKLYN,NEW YORK,11214,,,,,,,,,,,,,,,,,,
3162364,051 DESIGN LLC,02/10/2005,KINGS,DELAWARE,FOREIGN LIMITED LIABILITY COMPANY,051 DESIGN LLC,138 DWIGHT STREET,,BROOKLYN,NEW YORK,11231,,,,,,,,,,,,,,,,,,
3836181,05262005 INCORPORATED,07/21/2009,CLINTON,NEW YORK,DOMESTIC BUSINESS CORPORATION,PIERRE SABA,364 TOM MILLER ROAD,,PLATTSBURGH,NEW YORK,12901,,,,,,,,,,,,,,,,,,
4251249,057 PRODUCTIONS LLC,05/29/2012,KINGS,NEW YORK,DOMESTIC LIMITED LIABILITY COMPANY,057 PRODUCTIONS LLC,278 84TH ST.,4A,BROOKLYN,NEW YORK,11209,,,,,,,JUSTIN CONNELLY,278 84TH ST.,4A,BROOKLYN,NEW YORK,11209,,,,,,
3183423,05 MATSU HOMES LLC,03/29/2005,QUEENS,NEW YORK,DOMESTIC LIMITED LIABILITY COMPANY,05 MATSU HOMES LLC,37-40 75TH ST,,JACKSON HEIGHTS,NEW YORK,11372,,,,,,,,,,,,,,,,,,
4669602,06011417D LLC,11/20/2014,NEW YORK,DELAWARE,FOREIGN LIMITED LIABILITY COMPANY,"MG CAPITAL MANAGEMENT RESIDENTIAL FUND III, L.P.","375 PARK AVE, STE 2607",,NEW YORK,NEW YORK,10152,,,,,,,,,,,,,,,,,,
4163990,060182 CORP.,11/09/2011,NASSAU,NEW YORK,DOMESTIC BUSINESS CORPORATION,STEWART STERNBACH,100 MERRICK ROAD SUITE 400E,,ROCKVILLE CENTRE,NEW YORK,11570,MIRI ZOAREZ,3718 NORTHERN BLVD,SUITE 417,LONG ISLAND CITY,NEW YORK,11101,,,,,,,060182 CORP.,100 MERRICK RD STE 400E,,ROCKVILLE CENTRE,NEW YORK,11570
4657235,"0601 INDUSTRIES, INC.",10/28/2014,SUFFOLK,NEW YORK,DOMESTIC BUSINESS CORPORATION,"C/O UNITED STATES CORPORATION AGENTS, INC.","7014 13TH AVENUE, SUITE 202",,BROOKLYN,NEW YORK,11228,,,,,,,"UNITED STATES CORPORATION AGENTS, INC.","7014 13TH AVENUE, SUITE 202",,BROOKLYN,NEW YORK,11228,,,,,,
4636502,"06021412B, LLC",09/15/2014,NEW YORK,DELAWARE,FOREIGN LIMITED LIABILITY COMPANY,"MG CAPITAL MANAGEMENT RESIDENTIAL FUND III, L.P.","375 PARK AVENUE, STE. 2607",,NEW YORK,NEW YORK,10152,,,,,,,,,,,,,,,,,,
4544813,06 02 CORP,03/14/2014,QUEENS,NEW YORK,DOMESTIC BUSINESS CORPORATION,06 02 CORP,"143-51 ROOSEVELT AVENUE, APT 9",,FLUSHING,NEW YORK,11354,,,,,,,,,,,,,,,,,,
3722582,0606 LLC,09/19/2008,ORANGE,NEW YORK,DOMESTIC LIMITED LIABILITY COMPANY,0606 LLC,158 LAROE ROAD,,CHESTER,NEW YORK,10918,,,,,,,,,,,,,,,,,,
3978680,"0612 WAL HOLDINGS, LLC",07/29/2010,NEW YORK,NEW YORK,DOMESTIC LIMITED LIABILITY COMPANY,C/O Y & S BAGS,"320 FIFTH AVENUE, SUITE 705",,NEW YORK,NEW YORK,10001,,,,,,,,,,,,,,,,,,
3556563,"0623 HOLDINGS, LLC",08/15/2007,ERIE,NEW YORK,DOMESTIC LIMITED LIABILITY COMPANY,"0623 HOLDINGS, LLC",79 NORTH ELLICOTT STREET,,WILLIAMSVILLE,NEW YORK,14221,,,,,,,,,,,,,,,,,,
3640221,"062890, INC.",03/05/2008,NIAGARA,NEW YORK,DOMESTIC BUSINESS CORPORATION,"062890, INC.",1464 FORBES STREET,,NORTH TONAWANDA,NEW YORK,14120,,,,,,,,,,,,,,,,,,
3903729,06 TECHNOLOGY SERVICES LLC,01/25/2010,NEW YORK,DELAWARE,FOREIGN LIMITED LIABILITY COMPANY,06 TECHNOLOGY SERVICES LLC,1710 FIRST AVE. #121,,NEW YORK,NEW YORK,10128-4902,,,,,,,,,,,,,,,,,,
4652951,06 UNITED SOCCER CLUB INC.,10/20/2014,QUEENS,NEW YORK,DOMESTIC NOT-FOR-PROFIT CORPORATION,06 UNITED SOCCER CLUB INC.,97-12 63RD DRIVE APT 3A,,REGO PARK,NEW YORK,11374,,,,,,,,,,,,,,,,,,
4440414,"07080202 BROOME, LLC",08/02/2013,BROOME,NEW YORK,DOMESTIC LIMITED LIABILITY COMPANY,"07080202 BROOME, LLC",46 BROOK AVENUE,,BINGHAMTON,NEW YORK,13903,,,,,,,,,,,,,,,,,,
4514245,0719 INC.,01/15/2014,KINGS,NEW YORK,DOMESTIC BUSINESS CORPORATION,0719 INC.,131 ST. JAMES PLACE #3,,BROOKLYN,NEW YORK,11238,,,,,,,,,,,,,,,,,,
4152787,"07670, LLC",10/13/2011,SUFFOLK,NEW YORK,DOMESTIC LIMITED LIABILITY COMPANY,"07670, LLC",30 SURREY LANE,,TENAFLY,NEW JERSEY,07670,,,,,,,,,,,,,,,,,,
3404337,"076 ENTERPRISES, L.L.C.",08/24/2006,NASSAU,NEW YORK,DOMESTIC LIMITED LIABILITY COMPANY,"076 ENTERPRISES, L.L.C.",C/O STEVEN LEITSTEIN,168 NOYE LANE,WOODSBURGH,NEW YORK,11598-1837,,,,,,,,,,,,,,,,,,
3547128,"0819, INC.",07/24/2007,TOMPKINS,NEW YORK,DOMESTIC BUSINESS CORPORATION,"0819, INC.",13 PALMEAR RD,,FREEVILLE,NEW YORK,13068,DONALD E SCUTT,13 PALMEAR RD,,FREEVILLE,NEW YORK,13068,,,,,,,"0819, INC.",13 PALMEAR RD,,FREEVILLE,NEW YORK,13068
3984156,0821 ABC INC.,08/12/2010,QUEENS,NEW YORK,DOMESTIC BUSINESS CORPORATION,0821 ABC INC.,141-50 NORTHERN BLVD.,,FLUSHING,NEW YORK,11354,,,,,,,,,,,,,,,,,,
3517479,"08 ELECTION GIFTS, CORP.",05/15/2007,SUFFOLK,NEW YORK,DOMESTIC BUSINESS CORPORATION,"08 ELECTION GIFTS, CORP.","1 MAIDEN LANE, 5TH FLOOR",,NEW YORK,NEW YORK,10038,,,,,,,"SPIEGEL & UTRERA, P.A. P.C.","1 MAIDEN LANE, 5TH FLOOR",,NEW YORK,NEW YORK,10038,,,,,,
3070130,0929 LLC,06/24/2004,KINGS,NEW YORK,DOMESTIC LIMITED LIABILITY COMPANY,SHAWN ROSVOLD,150 PROSPECT PARK WEST #4A,,BROOKLYN,NEW YORK,11215,,,,,,,,,,,,,,,,,,
2776950,"094 ASSOCIATES, INC.",06/11/2002,NEW YORK,NEW YORK,DOMESTIC BUSINESS CORPORATION,"094 ASSOCIATES, INC.",311 EAST 23RD STREET,SUITE 10AA,NEW YORK,NEW YORK,10010,PAUL R KAHANE,311 EAST 23RD ST,STE 10AA,NEW YORK,NEW YORK,10010-4741,"SPIEGEL & UTRERA, P.A., P.C.","45 JOHN STREET, SUITE 711",,NEW YORK,NEW YORK,10038,PAUL R KAHANE,311 EAST 23RD ST,STE 10AA,NEW YORK,NEW YORK,10010-4741
1376986,"095446770, INC.",08/15/1989,KINGS,NEW YORK,DOMESTIC BUSINESS CORPORATION,"095446770, INC.",341 39TH STREET,,BROOKLYN,NEW YORK,11232,,,,,,,,,,,,,,,,,,
3069482,097 PATIO REALTY LLC,06/22/2004,SUFFOLK,NEW YORK,DOMESTIC LIMITED LIABILITY COMPANY,C/O AL KIRCHNER,6 BENDER COURT,,HUNTINGTON STATION,NEW YORK,11746,,,,,,,,,,,,,,,,,,
4208221,099 CENTS TOYS CORPORATION,02/27/2012,NASSAU,NEW YORK,DOMESTIC BUSINESS CORPORATION,099 CENTS TOYS CORPORATION,86 NORTH FRANKLIN ST,,HEMPSTEAD,NEW YORK,11550,CATALINA SARAVIA,107 JAY ST,,FREEPORT,NEW YORK,11520,,,,,,,099 CENTS TOYS CORPORATION,86 NORTH FRANKLIN ST,,HEMPSTEAD,NEW YORK,11550
3810190,"099FACTORY, LLC",05/13/2009,NEW YORK,NEW YORK,DOMESTIC LIMITED LIABILITY COMPANY,C/O KVB PARTNERS,ATTN: S KAPEBAS,60 BROAD STREET / #3502,NEW YORK,NEW YORK,10004,,,,,,,,,,,,,,,,,,
4513000,09 - K C D CORP.,01/14/2014,WESTCHESTER,NEW YORK,DOMESTIC BUSINESS CORPORATION,09 - K C D CORP.,1991 PALMER AVENUE,,LARCHMONT,NEW YORK,10538,,,,,,,,,,,,,,,,,,
4303269,0 ARTIC AVENUE LLC,10/02/2012,SUFFOLK,NEW YORK,DOMESTIC LIMITED LIABILITY COMPANY,0 ARTIC AVENUE LLC,954 ARTIC AVENUE,,BOHEMIA,NEW YORK,11716,,,,,,,,,,,,,,,,,,
171533,0 ATTULA CO.,12/12/1968,NEW YORK,NEW YORK,DOMESTIC BUSINESS CORPORATION,% RICHARD M. GLAZER,580 FIFTH AVE,,NEW YORK,NEW YORK,10036,,,,,,,,,,,,,,,,,,
1333548,"0 DEFECT PRODUCTIONS, INC.",03/13/1989,NEW YORK,NEW YORK,DOMESTIC BUSINESS CORPORATION,"0 DEFECT PRODUCTIONS, INC.",44 WEST 74TH STREET,SUITE 1D,NEW YORK,NEW YORK,10024,,,,,,,,,,,,,,,,,,
4495617,0 DENVER LLC,12/04/2013,SUFFOLK,NEW YORK,DOMESTIC LIMITED LIABILITY COMPANY,"C/O DELANEY CORPORATE SERVICES, LTD.",ONE COMMERCE PLAZA,99 WASHINGTON AVENUE STE 805A,ALBANY,NEW YORK,12210,,,,,,,,,,,,,,,,,,
2512637,0 EDISON AVENUE REALTY CORP.,05/22/2000,WESTCHESTER,NEW YORK,DOMESTIC BUSINESS CORPORATION,0 EDISON AVENUE REALTY CORP.,80 EDISON AVE.,,MT. VERNON,NEW YORK,10550,JAMES J. DIDONATO,2 HICKORY DR.,,RYE,NEW YORK,10550,,,,,,,0 EDISON AVENUE REALTY CORP.,80 EDISON AVE.,,MT. VERNON,NEW YORK,10550
4222927,"0ENERGY LIGHTING, INC.",03/28/2012,SUFFOLK,NEW YORK,DOMESTIC BUSINESS CORPORATION,C/O C T CORPORATION SYSTEM,111 EIGHTH AVENUE,,NEW YORK,NEW YORK,10011,DAVID LAVIGNA,"416 COMMERCE WAY, SUITE 170",,LONGWOOD,FLORIDA,32750,C T CORPORATION SYSTEM,111 EIGHTH AVENUE,,NEW YORK,NEW YORK,10011,"0ENERGY LIGHTING, INC.","416 COMMERCE WAY, SUITE 170",,LONGWOOD,FLORIDA,32750
3915290,"0% FACTOR, LLC",02/22/2010,NASSAU,NEW YORK,DOMESTIC LIMITED LIABILITY COMPANY,"0% FACTOR, LLC",1575 PENINSULA BLVD,,HEWLETT,NEW YORK,11557,,,,,,,,,,,,,,,,,,
3387361,0 FISHER AVE. LLC,07/12/2006,SUFFOLK,NEW YORK,DOMESTIC LIMITED LIABILITY COMPANY,C/O DEBRA  BURKE,65 CARLETON AVE.,,ISLIP TERRACE,NEW YORK,11752,,,,,,,,,,,,,,,,,,
3561427,"0FRICTION.COM, LLC",08/28/2007,PUTNAM,NEW YORK,DOMESTIC LIMITED LIABILITY COMPANY,JOHN C KUPHAL,511 FOX RUN LN,,CARMEL,NEW YORK,10512,,,,,,,,,,,,,,,,,,
4695597,".0 LUMINARY, LLC",01/16/2015,KINGS,NEW YORK,DOMESTIC LIMITED LIABILITY COMPANY,NIGEL SYLVESTER,1525 EAST 55TH STREET,,BROOKLYN,NEW YORK,11234-3901,,,,,,,,,,,,,,,,,,
4550768,0 MILE,03/26/2014,NEW YORK,CALIFORNIA,FOREIGN BUSINESS CORPORATION,NARCUCCI CPA & CO.,18436 HAWTHORNE BLVD. #209,,TORRANCE,CALIFORNIA,90504,,,,,,,,,,,,,,,,,,
3156266,"0 PINE ACRES BLVD. BAY SHORE, LLC",01/27/2005,SUFFOLK,NEW YORK,DOMESTIC LIMITED LIABILITY COMPANY,ANTHONY QUINTAL,1624 MANATUCK BLVD.,,BAY SHORE,NEW YORK,11706,,,,,,,,,,,,,,,,,,
4639147,0 SOUTH THIRD LLC,09/19/2014,WESTCHESTER,NEW YORK,DOMESTIC LIMITED LIABILITY COMPANY,C/O JIM TAUBNER,741 SOUTH FULTON AVENUE,,MOUNT VERNON,NEW YORK,11050,,,,,,,,,,,,,,,,,,
4682012,0 STAR EXPRESS DELI GROCERY CORP,12/18/2014,KINGS,NEW YORK,DOMESTIC BUSINESS CORPORATION,0 STAR EXPRESS DELI GROCERY CORP,3010 GLENWOOD ROAD,,BROOKLYN,NEW YORK,11210,,,,,,,,,,,,,,,,,,
4045980,0 TO 1 LLC,01/24/2011,NEW YORK,NEW YORK,DOMESTIC LIMITED LIABILITY COMPANY,TAMARA PETROVIC,4 LEXINGTON AVE STE 2M,,NEW YORK,NEW YORK,10010-5417,,,,,,,,,,,,,,,,,,
1113910,0TTER MANAGEMENT CORP.,09/23/1986,QUEENS,NEW YORK,DOMESTIC BUSINESS CORPORATION,"FERNANDO F. ARIAS, JR. ESQ",37-32 75TH STREET,,JACKSON HEIGHTS,NEW YORK,11372,,,,,,,,,,,,,,,,,,
11786,"0. W. BENEDICT CO., INC.",08/06/1915,MONROE,NEW YORK,DOMESTIC BUSINESS CORPORATION,(1ST DIR.) OLIVER W. BENEDICT,79 MELROSE ST.,,ROCHESTER,NEW YORK,14619,,,,,,,,,,,,,,,,,,
4751771,"0X0000FF, LLC",05/01/2015,NEW YORK,NEW YORK,DOMESTIC LIMITED LIABILITY COMPANY,"0X0000FF, LLC","176 STANTON ST., APT. 1C",,NEW YORK,NEW YORK,10002,,,,,,,,,,,,,,,,,,
4704372,"0X70, LLC",02/03/2015,NEW YORK,NEW YORK,DOMESTIC LIMITED LIABILITY COMPANY,"C/O UNITED STATES CORPORATION AGENTS, INC.","7014 13TH AVENUE, SUITE 202",,BROOKLYN,NEW YORK,11228,,,,,,,"UNITED STATES CORPORATION AGENTS, INC.","7014 13TH AVENUE, SUITE 202",,BROOKLYN,NEW YORK,11228,,,,,,
4118330,0XB8 NETWORKS INC,07/14/2011,KINGS,NEW YORK,DOMESTIC BUSINESS CORPORATION,MILOSZ MELLER,177 HURON ST 2L,,BROOKLYN,NEW YORK,11222,,,,,,,,,,,,,,,,,,
4764904,0X LLC,05/27/2015,ALBANY,NEW YORK,DOMESTIC LIMITED LIABILITY COMPANY,MICHAEL MATONIS,3 SPRAGUE PLACE APT3,,ALBANY,NEW YORK,12203,,,,,,,,,,,,,,,,,,
4302452,"10,000 HOURS, LLC",10/01/2012,NEW YORK,NEW YORK,DOMESTIC LIMITED LIABILITY COMPANY,"10,000 HOURS, LLC","250 W. 94TH STREET, #10H",,NEW YORK,NEW YORK,10025,,,,,,,,,,,,,,,,,,
4158578,"10,000 MEN MANAGEMENT, INC.",10/27/2011,NEW YORK,NEW YORK,DOMESTIC BUSINESS CORPORATION,"10,000 MEN MANAGEMENT, INC.",15 E 26TH ST # 14B,,NEW YORK,NEW YORK,10010,,,,,,,,,,,,,,,,,,
4158654,"10,000 MEN PRODUCTIONS, LLC",10/27/2011,NEW YORK,NEW YORK,DOMESTIC LIMITED LIABILITY COMPANY,"10,000 MEN PRODUCTIONS, LLC",15 E 26TH ST #14B,,NEW YORK,NEW YORK,10010,,,,,,,,,,,,,,,,,,
3614691,"10,000 MONKEYS, INC.",01/08/2008,NASSAU,NEW YORK,DOMESTIC BUSINESS CORPORATION,GOLDFINGER & LASSAR LLP,"ATTN: STEPHEN D. LASSAR, ESQ.",655 THIRD AVENUE 16TH FLOOR,NEW YORK,NEW YORK,10017,,,,,,,,,,,,,,,,,,
1941817,10000 REALTY LLC,07/24/1995,KINGS,NEW YORK,DOMESTIC LIMITED LIABILITY COMPANY,10000 REALTY LLC,9210 FOURTH AVENUE,,BROOKLYN,NEW YORK,11209,,,,,,,,,,,,,,,,,,
4305469,1000-1048 WILLIS AVENUE LLC,10/09/2012,NASSAU,NEW YORK,DOMESTIC LIMITED LIABILITY COMPANY,"C/O SPIEGEL ASSOCIATES, INC.",375 NORTH BROADWAY,,JERICHO,NEW YORK,11753,,,,,,,,,,,,,,,,,,
1071391,10001 GRAND CORP.,04/04/1986,ERIE,NEW YORK,DOMESTIC BUSINESS CORPORATION,10001 GRAND CORP.,1900 MAIN PLACE TOWER,,BUFFALO,NEW YORK,14202,,,,,,,,,,,,,,,,,,
3591966,100-01 METROPOLITAN AVE LLC,11/09/2007,ALBANY,NEW YORK,DOMESTIC LIMITED LIABILITY COMPANY,"JONATHAN J KAIMAN, EA",37 PRESIDENT ST,,STATEN ISLAND,NEW YORK,10314-4119,,,,,,,ALLSTATE CORPORATE SERVICES,"41 STATE STREET, SUITE 415",,ALBANY,NEW YORK,12207,,,,,,
2325233,"100-01 METROPOLITAN, LLC",12/15/1998,QUEENS,NEW YORK,DOMESTIC LIMITED LIABILITY COMPANY,"100-01 METROPOLITAN, LLC",16 SYCAMORE DRIVE,,ROSLYN,NEW YORK,11576,,,,,,,,,,,,,,,,,,
4523351,"10001 PRODUCTIONS, LLC",02/03/2014,NEW YORK,NEW YORK,DOMESTIC LIMITED LIABILITY COMPANY,"10001 PRODUCTIONS, LLC","C/O A.A.G. MANAGEMENT, INC.","421 SEVENTH AVENUE, SUITE 1500",NEW YORK,NEW YORK,10001,,,,,,,,,,,,,,,,,,
3584469,100-02 101ST AVENUE LLC,10/24/2007,NASSAU,NEW YORK,DOMESTIC LIMITED LIABILITY COMPANY,100-02 101ST AVENUE LLC,100-02 101ST AVENUE,SUITE LL-1,OZONE PARK,NEW YORK,11416,,,,,,,,,,,,,,,,,,
3938154,"10002212, INC.",04/19/2010,NEW YORK,NEW YORK,DOMESTIC BUSINESS CORPORATION,"10002212, INC.",158 RIVINGTON STREET,,NEW YORK,NEW YORK,10002,,,,,,,,,,,,,,,,,,
4680842,10002 4TH AVENUE LLC,12/16/2014,KINGS,NEW YORK,DOMESTIC LIMITED LIABILITY COMPANY,10002 4TH AVENUE LLC,25 GAYLORD DRIVE NORTH,,BROOKLYN,NEW YORK,11234,,,,,,,,,,,,,,,,,,
1803570,100-02 92ND AVENUE REALTY INC.,03/15/1994,QUEENS,NEW YORK,DOMESTIC BUSINESS CORPORATION,100-02 92ND AVENUE REALTY INC.,100-05 92ND AVENUE,,RICHMOND,NEW YORK,11418,JEFF ROSEN,100-05 92ND AVE,,RICHMOND HILL,NEW YORK,11418,,,,,,,JEFF ROSEN,100-05 92ND AVE,,RICHMOND HILL,NEW YORK,11418
1045005,100-02 NORTHERN BLVD. REALTY CORP.,12/20/1985,NEW YORK,NEW YORK,DOMESTIC BUSINESS CORPORATION,MANNY M. ALANI,85 DICKENSON PL.,,GREAT NECK,NEW YORK,11023-1926,MANNY M. ALANI,85 DICKENSON PL.,,GREAT NECK,NEW YORK,11023-1926,,,,,,,MANNY M. ALANI,85 DICKENSON PL.,,GREAT NECK,NEW YORK,11023-1926
4253620,100-02 ROCKAWAY BLVD. 26 LLC,06/04/2012,NASSAU,NEW YORK,DOMESTIC LIMITED LIABILITY COMPANY,100-02 ROCKAWAY BLVD. 26 LLC,27 HICKORY DR.,,GREAT NECK,NEW YORK,11021,,,,,,,,,,,,,,,,,,
3033367,"1000 42ND STREET, LLC",03/30/2004,KINGS,NEW YORK,DOMESTIC LIMITED LIABILITY COMPANY,"1000 42ND STREET, LLC",1232 42ND ST,,BROOKLYN,NEW YORK,11219,,,,,,,,,,,,,,,,,,
4324207,100-04 37TH AVENUE LLC,11/27/2012,QUEENS,NEW YORK,DOMESTIC LIMITED LIABILITY COMPANY,100-04 37TH AVENUE LLC,100-04 37TH AVENUE,,CORONA,NEW YORK,11368,,,,,,,,,,,,,,,,,,
4394270,100-04 DITMARS BOULEVARD LLC,04/25/2013,QUEENS,NEW YORK,DOMESTIC LIMITED LIABILITY COMPANY,100-04 DITMARS BOULEVARD LLC,100-30 DITMARS BOULEVARD,,EAST ELMHURST,NEW YORK,11369,,,,,,,REGISTERED AGENT REVOKED,,,,,,,,,,,
4374972,100-05 90TH AVE REALTY LLC,03/15/2013,GREENE,NEW YORK,DOMESTIC LIMITED LIABILITY COMPANY,100-05 90TH AVE REALTY LLC,1274 49 STREET STE 365,,BROOKLYN,NEW YORK,11219,,,,,,,,,,,,,,,,,,
1144280,100-05 92ND AVENUE REALTY CORP.,02/12/1987,QUEENS,NEW YORK,DOMESTIC BUSINESS CORPORATION,GOLDSTEIN & LIEBERMAN,132 NASSAU ST,,NEW YORK,NEW YORK,10038,,,,,,,,,,,,,,,,,,
492126,1000 65TH FT. HAMILTON CORP.,05/31/1978,KINGS,NEW YORK,DOMESTIC BUSINESS CORPORATION,VICTOR GARTENSTEIN,4444 BEDFORD AVE.,,BROOKLYN,NEW YORK,11229,,,,,,,,,,,,,,,,,,
1967249,1000 65TH FT. HAMILTON LLC,10/24/1995,KINGS,NEW YORK,DOMESTIC LIMITED LIABILITY COMPANY,"C/O VICTOR GARTENSTEIN, P.C.",3711 SHORE PARKWAY,,BROOKLYN,NEW YORK,11235,,,,,,,,,,,,,,,,,,
4501593,"1,000 6TH GIFTS & LUGGAGE, INC.",12/16/2013,NEW YORK,NEW YORK,DOMESTIC BUSINESS CORPORATION,ZULFIQAR KHAN,"1,000 SIXTH AVENUE",,NEW YORK,NEW YORK,10018,,,,,,,,,,,,,,,,,,
3806038,10007 4TH AVENUE LLC,05/04/2009,KINGS,NEW YORK,DOMESTIC LIMITED LIABILITY COMPANY,10007 4TH AVENUE LLC,10007 4TH AVENUE,,BROOKLYN,NEW YORK,11209,,,,,,,,,,,,,,,,,,
3391009,100-07 REALTY CORP.,07/21/2006,NASSAU,NEW YORK,DOMESTIC BUSINESS CORPORATION,100-07 REALTY CORP.,30 SINCLAIR DRIVE,,KINGS POINT,NEW YORK,11024,LUCI AZIZIAN,30 SINCLAIR DRIVE,,KINGS POINT,NEW YORK,11024,,,,,,,ISSAC AZIZIAN,30 SINCLAIR DRIVE,,KINGS POINT,NEW YORK,11024
2799649,"100-07 ROCKAWAY BLVD, LLC",08/12/2002,QUEENS,NEW YORK,DOMESTIC LIMITED LIABILITY COMPANY,"100-07 ROCKAWAY BLVD, LLC",276 N HENRY STREET,,BROOKLYN,NEW YORK,11222,,,,,,,,,,,,,,,,,,
3971199,100-07 ROCKAWAY LLC,07/09/2010,QUEENS,NEW YORK,DOMESTIC LIMITED LIABILITY COMPANY,100-07 ROCKAWAY LLC,556 CENTRAL AVE.,,BETHPAGE,NEW YORK,11714,,,,,,,,,,,,,,,,,,
2986350,100-07 ROCKAWAY PETROLEUM INC.,12/09/2003,QUEENS,NEW YORK,DOMESTIC BUSINESS CORPORATION,"RAJEEV KAUL, CPA P.C.",303 FIFTH AVE #1608,,NEW YORK,NEW YORK,10016,,,,,,,,,,,,,,,,,,
4399026,100-08 HOLDING CORPORATION,05/06/2013,QUEENS,NEW YORK,DOMESTIC BUSINESS CORPORATION,100-08 HOLDING CORPORATION,100-08 101 AVE,,OZONE PARK,NEW YORK,11416,,,,,,,,,,,,,,,,,,
3540206,100-09 40TH ROAD REALTY LLC,07/06/2007,QUEENS,NEW YORK,DOMESTIC LIMITED LIABILITY COMPANY,100-09 40TH ROAD REALTY LLC,42-27 192ND STREET,,FLUSHING,NEW YORK,11358,,,,,,,GEORGE LYGERIS,42-27 192ND STREET,,FLUSHING,NEW YORK,11358,,,,,,
4688937,100-09 41ST AVENUE LLC,01/06/2015,QUEENS,NEW YORK,DOMESTIC LIMITED LIABILITY COMPANY,100-09 41ST AVENUE LLC,15-26 208TH STREET,,BAYSIDE,NEW YORK,11360,,,,,,,,,,,,,,,,,,
4282807,100-09 METRO LLC,08/13/2012,QUEENS,NEW YORK,DOMESTIC LIMITED LIABILITY COMPANY,100-09 METRO LLC,100-09 METROPOLITAN AVE,,FOREST HILLS,NEW YORK,11375,,,,,,,,,,,,,,,,,,
4415995,100-09 SEAVIEW AVE. LLC,06/11/2013,KINGS,NEW YORK,DOMESTIC LIMITED LIABILITY COMPANY,100-09 SEAVIEW AVE. LLC,1732 EAST 12 STREET,,BROOKLYN,NEW YORK,11229,,,,,,,,,,,,,,,,,,
1100715,"1000 ACRES RANCH RESORT, INC.",07/28/1986,WARREN,NEW YORK,DOMESTIC BUSINESS CORPORATION,"1000 ACRES RANCH RESORT, INC.",465 WARRENSBURG RD,,STONY CREEK,NEW YORK,12878,JACK AREHART,465 WARRENSBURG RD,,STONY CREEK,NEW YORK,12878,,,,,,,"1000 ACRES RANCH RESORT, INC.",465 WARRENSBURG RD,,STONY CREEK,NEW YORK,12878
4074003,1000 ADAM & EVE II CORP.,03/29/2011,NASSAU,NEW YORK,DOMESTIC NOT-FOR-PROFIT CORPORATION,1000 ADAM & EVE II CORP.,76 EAST PENNYWOOD AVENUE,,ROOSEVELT,NEW YORK,11575,,,,,,,,,,,,,,,,,,
4551054,1000 ALABAMA AVENUE REALTY LLC,03/26/2014,KINGS,NEW YORK,DOMESTIC LIMITED LIABILITY COMPANY,1000 ALABAMA AVENUE REALTY LLC,1000 ALABAMA AVENUE,,BROOKLYN,NEW YORK,11207,,,,,,,,,,,,,,,,,,
2719972,1000 ALLERTON LLC,01/16/2002,WESTCHESTER,NEW YORK,DOMESTIC LIMITED LIABILITY COMPANY,1000 ALLERTON LLC,33 BONNIE BRIAR LANE,,LARCHMONT,NEW YORK,10538,,,,,,,,,,,,,,,,,,
3489296,1000 ATLANTIS INC.,03/14/2007,KINGS,NEW YORK,DOMESTIC BUSINESS CORPORATION,1000 ATLANTIS INC.,234 EAST SECOND AVENUE,,ROSELLE,NEW JERSEY,07203,,,,,,,,,,,,,,,,,,
3157735,1000 AUTUMNWOOD LLC,01/31/2005,KINGS,ALABAMA,FOREIGN LIMITED LIABILITY COMPANY,1000 AUTUMNWOOD LLC,"1276 50TH STREET, SUITE 700",,BROOKLYN,NEW YORK,11219,,,,,,,,,,,,,,,,,,
4439323,1000 BLOSSOM LLC,08/01/2013,KINGS,NEW YORK,DOMESTIC LIMITED LIABILITY COMPANY,YOU MAO WEI,1000-1002 RUTLAND RD,,BROOKLYN,NEW YORK,11212,,,,,,,,,,,,,,,,,,
3985227,"1000 BOLIVAR ROAD, INC.",08/16/2010,MADISON,NEW YORK,DOMESTIC BUSINESS CORPORATION,"1000 BOLIVAR ROAD, INC.",P.O. BOX 127,,CHITTENANGO,NEW YORK,13037,ROBERT J. BENSON,P. O. BOX 127,234 GENESEE STREET,CHITTENANGO,NEW YORK,13037,,,,,,,ROBERT J. BENSON,234 GENESEE STREET,,CHITTENANGO,NEW YORK,13037
2874734,"1000 BRIDGE HOLDING COMPANY, LLC",02/26/2003,NASSAU,NEW JERSEY,FOREIGN LIMITED LIABILITY COMPANY,C/O THE MORRIS COMPANIES,350 VETERANS BLVD,,RUTHERFORD,NEW JERSEY,07070,,,,,,,,,,,,,,,,,,
66938,1000 BRIDGE PLAZA SOUTH CORP.,04/20/1951,NASSAU,NEW YORK,DOMESTIC BUSINESS CORPORATION,C/O THE MORRIS COMPANIES,350 VETERANS BLVD.,,RUTHERFORD,NEW JERSEY,07070,ROBERT MORRIS,C/O MORRIS COMPANIES,350 VETERANS BLVD,RUTHERFORD,NEW JERSEY,07070,,,,,,,1000 BRIDGE PLAZA SOUTH CORP.,350 VETERANS BLVD,,RUTHERFORD,NEW JERSEY,07070
4351392,1000 BROADWAY LLC,01/25/2013,KINGS,NEW YORK,DOMESTIC LIMITED LIABILITY COMPANY,1000 BROADWAY LLC,199 LEE AVE SUITE 1000,,BROOKLYN,NEW YORK,11211,,,,,,,,,,,,,,,,,,
3940826,1000 CENTRAL PARK GAS & SERVICE CORP.,04/23/2010,WESTCHESTER,NEW YORK,DOMESTIC BUSINESS CORPORATION,1000 CENTRAL PARK GAS & SERVICE CORP.,1000 CENTRAL PARK AVENUE,,SCARSDALE,NEW YORK,10583,,,,,,,,,,,,,,,,,,
3799061,1000 CONEY ISLAND LLC,04/15/2009,KINGS,NEW YORK,DOMESTIC LIMITED LIABILITY COMPANY,TAHIR M BHUTTA,424 CONEY ISLAND AVE,,BROOKLYN,NEW YORK,11218,,,,,,,,,,,,,,,,,,
612821,1000 COYLE ST. REALTY CORP.,03/05/1980,KINGS,NEW YORK,DOMESTIC BUSINESS CORPORATION,VICTOR GARTENSTEIN,1509 VOORHIES AVE,,BROOKLYN,NEW YORK,11235,,,,,,,,,,,,,,,,,,
3096589,"1000 CRANE FOUNDATION, INC.",08/30/2004,QUEENS,NEW YORK,DOMESTIC NOT-FOR-PROFIT CORPORATION,"1000 CRANE FOUNDATION, INC.",42-02 220TH PLACE,,BAYSIDE,NEW YORK,11361,,,,,,,,,,,,,,,,,,
3875646,"1000 DAVIS, LLC",11/05/2009,ALBANY,NEW YORK,DOMESTIC LIMITED LIABILITY COMPANY,"1000 DAVIS, LLC",86 REMSEN STREET,,COHOES,NEW YORK,12047,,,,,,,,,,,,,,,,,,
2180866,"1000 DAYS NON-STOP AT SEA, LTD.",09/16/1997,NEW YORK,NEW YORK,DOMESTIC NOT-FOR-PROFIT CORPORATION,"KIMERLING, MARGULIES & WISDOM, LTD.",370 LEXINGTON AVENUE,SUITE 310,NEW YORK,NEW YORK,10017,,,,,,,,,,,,,,,,,,
4172515,1000 DEAN LLC,12/05/2011,NEW YORK,DELAWARE,FOREIGN LIMITED LIABILITY COMPANY,C/O CT CORPORATION SYSTEM,111 EIGHTH AVENUE,,NEW YORK,NEW YORK,10011,,,,,,,C T CORPORATION SYSTEM,111 EIGHTH AVENUE,,NEW YORK,NEW YORK,10011,,,,,,
1934806,1000 DEAN REALTY CORP.,06/28/1995,NEW YORK,NEW YORK,DOMESTIC BUSINESS CORPORATION,"% SUKENIK SEGAL & GRAFF, P.C.",417 FIFTH AVE.,,NEW YORK,NEW YORK,10016,,,,,,,,,,,,,,,,,,
4215254,1000 DEAN SLL LLC,03/12/2012,NEW YORK,DELAWARE,FOREIGN LIMITED LIABILITY COMPANY,C/O CT CORPORATION SYSTEM,111 EIGHTH AVENUE,,NEW YORK,NEW YORK,10011,,,,,,,CT CORPORATION SYSTEM,111 EIGHTH AVENUE,,NEW YORK,NEW YORK,10011,,,,,,
3405461,"1000 DEAN STREET, LLC",08/28/2006,KINGS,NEW YORK,DOMESTIC LIMITED LIABILITY COMPANY,"1000 DEAN STREET, LLC",1000 DEAN STREET,,BROOKLYN,NEW YORK,11238,,,,,,,,,,,,,,,,,,
3428143,1000 DECATUR STREET HOUSING DEVELOPMENT FUND CORPORATION,10/24/2006,KINGS,NEW YORK,DOMESTIC BUSINESS CORPORATION,1000 DECATUR STREET HOUSING DEVELOPMENT FUND CORPORATION,1000 DECATUR STREET,,BROOKLYN,NEW YORK,11207,,,,,,,,,,,,,,,,,,
3039426,1000 DEER PARK AVE CORP.,04/13/2004,SUFFOLK,NEW YORK,DOMESTIC BUSINESS CORPORATION,1000 DEER PARK AVE CORP.,"429 ATLANTIC AVENUE, SUITE 2A",,FREEPORT,NEW YORK,11520,,,,,,,,,,,,,,,,,,
4565915,1000D PARK BLVD CORP.,04/23/2014,NASSAU,NEW YORK,DOMESTIC BUSINESS CORPORATION,1000D PARK BLVD CORP.,1000 D PARK BLVD.,,MASSAPEQUA PARK,NEW YORK,11762,,,,,,,,,,,,,,,,,,
3776367,"1000 DRIVING PARK AVENUE, LLC",02/18/2009,WAYNE,NEW YORK,DOMESTIC LIMITED LIABILITY COMPANY,"1000 DRIVING PARK AVENUE, LLC",1000 DRIVING PARK AVENUE,,NEWARK,NEW YORK,14513,,,,,,,,,,,,,,,,,,
3346970,1000 EAST 46 LLC,04/11/2006,SUFFOLK,NEW YORK,DOMESTIC LIMITED LIABILITY COMPANY,1000 EAST 46 LLC,1000 EAST 46TH STREET,,BROOKLYN,NEW YORK,11203,,,,,,,,,,,,,,,,,,
3906970,"1000 EAST UNION, LLC",02/01/2010,WAYNE,NEW YORK,DOMESTIC LIMITED LIABILITY COMPANY,"1000 EAST UNION, LLC",1000 EAST UNION STREET,,NEWARK,NEW YORK,14513,,,,,,,,,,,,,,,,,,
2486257,"1000 ELMWOOD ASSOCIATES, LLC",03/15/2000,ERIE,NEW YORK,DOMESTIC LIMITED LIABILITY COMPANY,"1000 ELMWOOD ASSOCIATES, LLC",773 NIAGARA FALLS BOULEVARD,,AMHERST,NEW YORK,14226,,,,,,,,,,,,,,,,,,
4760121,"1,000 ESPRESSO'S INC.",05/18/2015,ULSTER,NEW YORK,DOMESTIC BUSINESS CORPORATION,"1,000 ESPRESSO'S INC.",215 MOUNTAIN ROAD,,SHOKAN,NEW YORK,12481,,,,,,,RIVKA TADJER,215 MOUNTAIN ROAD,,SHOKAN,NEW YORK,12481,,,,,,
2646650,"1000 EYES, LLC",06/05/2001,NASSAU,NEW YORK,DOMESTIC LIMITED LIABILITY COMPANY,C/O PEDIATRIC OPHTHALMOLOGY,1000 NORTHERN BLVD,STE 190,GREAT NECK,NEW YORK,11021,,,,,,,,,,,,,,,,,,
4756361,"1000 FEET PROJECT, INC.",05/11/2015,ALBANY,NEW YORK,DOMESTIC NOT-FOR-PROFIT CORPORATION,"REGISTERED AGENTS, INC.",90 STATE STREET,STE 700 OFFICE 40,ALBANY,NEW YORK,12207,,,,,,,,,,,,,,,,,,
2178834,"1000 FRANKLIN REAL ESTATE ASSOCIATES, LLC",09/10/1997,NASSAU,NEW YORK,DOMESTIC LIMITED LIABILITY COMPANY,"C/O O'REILLY, MARSH & CORTESELLI P.C.",33 WILLIS AVE.,,MINEOLA,NEW YORK,11501,,,,,,,,,,,,,,,,,,
4734208,1000 FULTON LLC,03/30/2015,KINGS,NEW YORK,DOMESTIC LIMITED LIABILITY COMPANY,MEIR D TABAK,543 BEDFORD AVENUE #264,,BROOKLYN,NEW YORK,11211,,,,,,,,,,,,,,,,,,
2417626,1000 GRAND REALTY CORP.,09/10/1999,KINGS,NEW YORK,DOMESTIC BUSINESS CORPORATION,"C/O LUK & LUK, ESQS.","254 CANAL ST., 2ND FL.",,NEW YORK,NEW YORK,10013,,,,,,,,,,,,,,,,,,
3081020,1000 GREENE VILLAGE ASSOCIATES LLC,07/21/2004,NEW YORK,NEW YORK,DOMESTIC LIMITED LIABILITY COMPANY,SCAROLA REAVIS AND PARENT,ATTENTION: EDMUND SCHAFFZIN,"888 SEVENTH AVENUE, 45TH FL",NEW YORK,NEW YORK,10106,,,,,,,"THE LEYLAND GROUP, LLC",145 EAST 48TH STREET,,NEW YORK,NEW YORK,00000,,,,,,
3924834,1000HAMMERS LLC,03/16/2010,NEW YORK,NEW YORK,DOMESTIC LIMITED LIABILITY COMPANY,C/O 77 VENTURES,122 HUDSON,3RD FLOOR,NEW YORK,NEW YORK,10013,,,,,,,,,,,,,,,,,,
4018151,"1000HEADS, INC.",11/10/2010,NEW YORK,DELAWARE,FOREIGN BUSINESS CORPORATION,CT CORPORATION,111 EIGHTH AVENUE,13TH FL.,NEW YORK,NEW YORK,10011,,,,,,,CT CORPORATION,"111 EIGHTH AVENUE, 13TH FLOOR",,NEW YORK,NEW YORK,10011,,,,,,
4683465,"1000 HIGH POND LANE, L.L.C.",12/22/2014,SUFFOLK,NEW YORK,DOMESTIC LIMITED LIABILITY COMPANY,"1000 HIGH POND LANE, L.L.C.",200 PERSHING ROAD,,ENGLEWOOD CLIFFS,NEW JERSEY,07632,,,,,,,,,,,,,,,,,,
386049,"1000 HOWARD ROAD, INC.",12/08/1975,MONROE,NEW YORK,DOMESTIC BUSINESS CORPORATION,"1000 HOWARD ROAD, INC.",1000 HOWARD ROAD,,ROCHESTER,NEW YORK,14624,EARL D. ZIELINSKI,1000 HOWARD ROAD,,ROCHESTER,NEW YORK,14624,,,,,,,"1000 HOWARD ROAD, INC.",1000 HOWARD ROAD,,ROCHESTER,NEW YORK,14624
2017020,"1000 ISLAND HOUSING SALES, LLC",04/04/1996,BROOME,NEW YORK,DOMESTIC LIMITED LIABILITY COMPANY,"1000 ISLAND HOUSING SALES, LLC",P.O. BOX 800,,HARPURSVILLE,NEW YORK,13787,,,,,,,,,,,,,,,,,,
3695272,"1000 ISLAND MILLIONAIRE'S CLUB, LLC",07/11/2008,JEFFERSON,NEW YORK,DOMESTIC LIMITED LIABILITY COMPANY,C/O JAMES B. CUMMING,84 PEACHTREE ST. N.W.,STE. 901,ATLANTA,GEORGIA,30303,,,,,,,,,,,,,,,,,,
1312570,"1000 ISLANDS AFFORDABLE HOUSING, INC.",12/09/1988,JEFFERSON,NEW YORK,DOMESTIC BUSINESS CORPORATION,SUSAN FARMER,PO BOX 99,913 STRAWBERRY LN,CLAYTON,NEW YORK,13624,KARLA PETERSON,500 RIVERSIDE DR,,CLAYTON,NEW YORK,13624,,,,,,,"1000 ISLANDS AFFORDABLE HOUSING, INC.",PO BOX 99,913 STRAWBERRY LANE,CLAYTON,NEW YORK,13624
3997793,"1000 ISLANDS CANADA HOLDINGS, LLC",09/21/2010,NASSAU,NEW YORK,DOMESTIC LIMITED LIABILITY COMPANY,C/O CT CORPORATION SYSTEM,111 EIGHTH AVENUE,,NEW YORK,NEW YORK,10011,,,,,,,CT CORPORATION SYSTEM,111 EIGHTH AVENUE,,NEW YORK,NEW YORK,10011,,,,,,
3582810,1000 ISLANDS CONCOURS LLC,10/19/2007,WYOMING,NEW YORK,DOMESTIC LIMITED LIABILITY COMPANY,1000 ISLANDS CONCOURS LLC,THE FARMSTEAD,ROUTE 19,WYOMING,NEW YORK,14591,,,,,,,,,,,,,,,,,,
919506,"1000 ISLANDS CONVENTION AND VISITORS BUREAU, INC.",05/29/1984,JEFFERSON,NEW YORK,DOMESTIC NOT-FOR-PROFIT CORPORATION,"1000 ISLANDS CONVENTION AND VISITORS BUREAU, INC.",WATERTOWN CHAMBER OF,"COMMERCE,46 PUBLIC SQ.",WATERTOWN,NEW YORK,13601,,,,,,,,,,,,,,,,,,
4158408,"1000 ISLANDS MARKET, INC.",10/27/2011,OSWEGO,NEW YORK,DOMESTIC BUSINESS CORPORATION,"1000 ISLANDS MARKET, INC.",43 DEWEY DRIVE,,FULTON,NEW YORK,13069,,,,,,,,,,,,,,,,,,
2001227,"1000 ISLANDS MOVING & STORAGE, INC.",02/16/1996,JEFFERSON,NEW YORK,DOMESTIC BUSINESS CORPORATION,"1000 ISLANDS MOVING & STORAGE, INC.",21207 COFFEEN STREET,,WATERTOWN,NEW YORK,13601,BRUCE W. GRABLE,21207 COFFEEN ST.,,WATERTOWN,NEW YORK,13601,,,,,,,"1000 ISLANDS MOVING & STORAGE, INC.","21207 COFFEEN ST., RT 12F",,WATERTOWN,NEW YORK,13601
